{"cameraMode":{"drawMode":0,"name":"Shaded","section":"Shading Mode"},"sceneLighting":true,"audioPlay":false,"sceneViewState":{"showFog":true,"showMaterialUpdate":false,"showSkybox":true,"showFlares":true,"showImageEffects":true,"showParticleSystems":true},"in2DMode":false,"pivot":{"x":4.653726100921631,"y":6.380643367767334,"z":7.1775102615356449},"rotation":{"x":0.030985862016677858,"y":0.9665453433990479,"z":-0.09918966144323349,"w":0.23866693675518037},"size":0.2242932915687561,"orthographic":false}